instance_type,rank0,rank1,average
c4.large,1487.498783,1487.499346,1487.499064
c5.large,1010.127825,1010.134346,1010.131085
m4.large,1769.751968,1769.753906,1769.752937
m5.large,1068.831215,1068.831725,1068.83147
m5.2xlarge,1031.539107,1031.537652,1031.53838