instance_type,rank0,rank1,average
c4.large,33.60291815,33.6153934,33.60915577
c5.large,20.02927542,20.06273389,20.04600465
m4.large,18.96828842,18.94603705,18.95716274
m5.large,18.00586772,13.44893551,15.72740161
m5.2xlarge,10.5982101,11.15956974,10.87888992