instance_type,average,std_dev,median,min,max
c4.large,1.895762256,0.135949964,1.892014146,0.6976573467,5.495950937
c5.large,1.286705086,0.07572000744,1.283939004,0.4543607235,3.152703047
m4.large,2.256750629,0.1063960783,2.254456401,0.8285698891,4.85131216
m5.large,1.361521784,0.05670051201,1.35830915,0.4584126472,2.577510118
m5.2xlarge,1.314883625,0.05344604311,1.313622117,0.4279742241,2.518698215