instance_type,rank0,rank1,average
c4.large,1487.498837,1487.4994,1487.499119
c5.large,1010.127877,1010.134393,1010.131135
m4.large,1769.752024,1769.75397,1769.752997
m5.large,1068.831264,1068.831766,1068.831515
m5.2xlarge,1031.539154,1031.537694,1031.538424